Date,garch11,gjr_normal,sq_ret
2021-02-12,1.691882768807652,0.7727568641000582,0.0043463652868460274
2021-02-15,1.4867657961471172,0.7108552170930847,0.9870705574254028
2021-02-16,1.4219054419422807,0.6709237250080683,6.662519237364358e-05
2021-02-17,1.2562120295590369,0.6218521001945126,0.46932521438180025
2021-02-18,1.1800408438313896,0.6639048305857661,0.3518710168006829
2021-02-19,1.0948429396165125,0.6807298495663422,0.8310406535122272
2021-02-22,1.0785868235091907,0.7789155819841781,4.2599786171268885
2021-02-23,1.4654529127527034,1.4536547516868454,0.047736742634975314
2021-02-24,1.2975380982523934,1.3143079822072177,3.411973651455333
2021-02-25,1.5030638981726618,1.1920453106053508,0.5882468665840738
2021-02-26,1.383399337196848,1.0829242259816994,14.716586003157508
2021-03-01,2.9156357073336117,3.5953407392785035,2.518191586506026
2021-03-02,2.814635561477813,3.192530601221242,1.127086088706344
2021-03-03,2.5780041168496974,2.8409224208608257,4.686647461777636
2021-03-04,2.7536455283486756,2.542596066780428,1.1819636397721915
2021-03-05,2.5642609236868186,2.4876483257574176,0.9032841086434854
2021-03-08,2.3669564856196823,2.3882728100650423,0.014664545034049304
2021-03-09,2.08186031068168,2.1318591632621002,0.8954574151910065
2021-03-10,1.9179822563059685,1.9075951891621037,0.2547564715726739
2021-03-12,1.7108187159551098,1.7134500426340038,0.9072034318386492
2021-03-15,1.625994023778421,1.7071406725262037,0.4586405147305578
2021-03-16,1.4974840744266247,1.6197707344184011,0.01630215342508128
2021-03-17,1.3271310672296273,1.4589097795444084,1.6299402045342952
2021-03-18,1.3784383503286077,1.6127181334875378,1.2465881387331132
2021-03-19,1.3771286449981592,1.679123917085508,1.6143939090138637
2021-03-22,1.3810165794491263,1.5104457258744455,0.0026581274169794216
2021-03-23,1.224187619868995,1.3589948892412016,0.28118161012701454
2021-03-24,1.1098051782332032,1.2248696652343447,3.266522550331266
2021-03-25,1.3830444396156478,1.7020319133804713,2.4181722481200745
2021-03-26,1.5178891316657204,1.9679229581738844,1.6008951429687055
2021-03-30,1.5022081358819999,1.762007942489735,5.298219067253918
2021-03-31,1.8836483797424708,1.587063705282043,1.0931046148996282
2021-04-01,1.7976832891250978,1.6290398707886746,1.4287070306524934
2021-04-05,1.7268012166897289,1.465261637762495,2.421228265202188
2021-04-06,1.8171992873400962,1.7602169675069375,0.0971695899152669
2021-04-07,1.6094329430189327,1.5785290827365503,0.8443933242559853
2021-04-08,1.5019367677324198,1.4192097363354657,0.1359957903900227
2021-04-09,1.3387758176707172,1.2788504301813,0.06875653005131031
2021-04-12,1.2009239512127805,1.169779626411117,12.934548136788399
2021-04-13,2.5433153752371256,3.3458110340827503,1.8130978906029436
2021-04-15,2.4209491671358028,2.981146414592933,0.2777891517912723
2021-04-16,2.156855373987862,2.6555214181252453,0.06215904767295493
2021-04-19,1.9083629121390546,2.371769629151451,3.180901609627406
2021-04-20,2.0642178555139568,2.7023915478658074,0.19364321121020536
2021-04-22,1.8514004644488018,2.4503912303660753,0.5848335710323902
2021-04-23,1.6908875221000494,2.1911093302705473,0.20324589407798996
2021-04-26,1.5265798383440947,2.002029981141119,0.9933481904268723
2021-04-27,1.4482269119614979,1.7989586856373032,1.3305300375865199
2021-04-28,1.4146819284247827,1.6174505007412974,2.0536835512198572
2021-04-29,1.4600977834871256,1.459027719508233,0.04160491560403346
2021-04-30,1.297668937717694,1.3144734128697408,3.1931993189583987
2021-05-03,1.5316290615651105,1.7600227832837387,0.0004346880034877908
2021-05-04,1.3587212559268889,1.5819145898727625,0.8931429824214105
2021-05-05,1.3190607656733349,1.5881636906200602,0.6949084633622366
2021-05-06,1.2354708026007528,1.4296946207392283,0.531408323345698
2021-05-07,1.1456416476348859,1.288888185599783,0.4431618693570196
2021-05-10,1.06046966911437,1.1683510753693531,0.6414829061538804
2021-05-11,1.0048359004549652,1.0585192181506116,0.37811037502614814
2021-05-12,0.9492504874261259,1.0344300777037092,1.0901445649397834
2021-05-14,0.988578485098504,1.142473317010493,0.016211281511385556
2021-05-17,0.8878146280729994,1.0400680968132814,2.7481648304644577
2021-05-18,1.0776204503273368,0.9504938616605808,1.5171522179257508
2021-05-19,1.110460233009668,0.8696774230657673,0.26757738158648436
2021-05-20,1.0285738508093603,0.8478002275674521,0.6874154392176657
2021-05-21,1.0082203604141222,0.904776431222989,3.2047929580259766
2021-05-24,1.2258937001391315,0.8315238248000344,0.021756846718102053
2021-05-25,1.0915784457367697,0.7617898877506508,0.004999816639845859
2021-05-26,0.9751020775686462,0.701181181702576,0.3716610068604684
2021-05-27,0.9049626685372104,0.648063797634665,0.056453583249329725
2021-05-28,0.8152082882167871,0.6000835865421591,0.4040115465334541
2021-05-31,0.7685567529975272,0.5584512826597776,0.9002090849758445
2021-06-01,0.7774730157318293,0.5229469831478143,0.002604271353068206
2021-06-02,0.7023939387492888,0.4903349885872232,7.518982334631807e-05
2021-06-03,0.6359706618182646,0.4611804182373895,0.5331523191157774
2021-06-04,0.6250529168517881,0.4371884752955299,0.016431099639470613
2021-06-07,0.5724787542340475,0.41753606033887325,0.2684417227376712
2021-06-08,0.5433900662620685,0.39647932222624777,0.0053813242177496706
2021-06-09,0.49879029029278643,0.3797037958757164,0.4458526750362723
2021-06-10,0.5214141677627014,0.451743715736857,0.42613916026317816
2021-06-11,0.5143885734133696,0.42711680814124486,0.15260666887872865
2021-06-14,0.48395821984078863,0.4082689410416719,0.006254579528820823
2021-06-15,0.4451140968118797,0.3881779243335876,0.13130768469200252
2021-06-16,0.42136309492833735,0.370700769485424,0.41335335271968254
2021-06-17,0.4502883705453126,0.43807866259564443,0.23437234643185242
2021-06-18,0.45246737281801935,0.46711111404454064,0.0026337558630231675
2021-06-21,0.42033473922878933,0.44194442570492354,0.16148367963753174
2021-06-22,0.40205665458260087,0.41796521420598615,0.027743871085256704
2021-06-23,0.37478046176108315,0.39658466341127513,0.29752645261163924
2021-06-24,0.3949785752607663,0.43918122607062765,0.43246015991430814
2021-06-25,0.40642196814374254,0.41568400403559597,0.19509183607030164
2021-06-28,0.3928501521810852,0.39473959100844014,0.0830799821943029
2021-06-29,0.3803382398584818,0.39505770257501616,0.1762269573034912
2021-06-30,0.38238657829608674,0.4138475833864176,0.029335394054351236
2021-07-01,0.3635267377261145,0.4012418005808891,0.06986439493771097
2021-07-02,0.35263325820366603,0.397896747624843,0.07223859327064872
2021-07-05,0.33421590480208535,0.3785881169831847,0.5052177935543279
2021-07-06,0.36124718142653356,0.36237346571517487,0.010348370651940098
2021-07-07,0.3410917698671199,0.35072185211423057,0.15008674993912693
2021-07-08,0.33109244044931735,0.3370739881182369,0.9220243187899703
2021-07-09,0.43672809493799414,0.5078602375374429,0.05882676199303248
2021-07-12,0.41493550062936685,0.48986838201226846,0.0003183780916215073
2021-07-13,0.3840106701307312,0.4589202129418597,0.5779065950471994
2021-07-14,0.4115921653751398,0.43261752577338564,0.06903427176910887
2021-07-15,0.38494189725912376,0.40899659755090895,0.19547752486877892
2021-07-16,0.37318955511027035,0.3881399206462924,2.522751341980506e-05
2021-07-19,0.3481879111937721,0.36989779952732077,1.1657500540196604
2021-07-20,0.48322271192602784,0.5867425029727054,0.5877203283959214
2021-07-22,0.5247151692499608,0.6622564040160109,1.4894871854030134
2021-07-23,0.6310147529833392,0.6116045815079688,0.0408119331396259
2021-07-26,0.5719839363731039,0.565037731056012,0.03979602114304035
2021-07-27,0.5283646178023564,0.5348636425224106,0.24416141210845674
2021-07-28,0.5194422806883559,0.5500761428083628,0.05549187153622897
2021-07-29,0.4853106567227322,0.5249802024410584,0.1923535742578864
2021-07-30,0.4611221950212892,0.48982118544142955,0.009535837634937261
2021-08-02,0.42694927006498706,0.46191746882540985,0.5953903107375608
2021-08-03,0.4502703098010824,0.434847428437235,2.353970050128199
2021-08-04,0.6599343804171546,0.41323095129004417,0.6251907360659613
2021-08-05,0.6540730095671592,0.39239934385624703,0.04837588936941807
2021-08-06,0.5927905099923164,0.373559094464628,0.12021735383759084
2021-08-09,0.5584440515693865,0.3838623797305814,0.015226796685591971
2021-08-10,0.5087641663591208,0.3655976539762876,0.018036673087680914
2021-08-11,0.4654416965901817,0.34935982454679587,0.0001744468930337975
2021-08-12,0.4279976236368356,0.3350951316410374,0.25328171223287055
2021-08-13,0.41581058120497455,0.3228376051787014,1.0028365520714826
2021-08-16,0.4822463839216896,0.3140817181412669,0.04210366056208487
2021-08-17,0.444115147192212,0.3039175005175734,0.0965621731146702
2021-08-18,0.41471763664395356,0.294841009573891,0.0760325726933045
2021-08-20,0.3977888738762439,0.3054896870185287,0.5138783717394747
2021-08-23,0.44168668913955955,0.40279162685442693,0.07780121957570407
2021-08-24,0.41098674821892117,0.38127914464991236,0.5988196354410815
2021-08-25,0.4352322105354306,0.36356073238839104,0.0036528745398098773
2021-08-26,0.4011185847428761,0.3469467381142501,0.0001829274757089673
2021-08-27,0.37156204477194194,0.33232221516724997,0.16784245419541194
2021-08-30,0.3577655027652876,0.31955755705040845,1.8034499766764824
2021-08-31,0.5127651359103603,0.3131548228694844,1.3948620237074314
2021-09-01,0.6039746521636087,0.30693871229116015,0.10699957329621224
2021-09-02,0.5645590412942061,0.32228644903866893,0.847190271379947
2021-09-03,0.5902053214088719,0.3135019251632591,0.26799341179070024
2021-09-06,0.5616954917547815,0.3057082490448726,0.09758522054818752
2021-09-07,0.5151293399757884,0.2963281084328293,0.008170846430891755
2021-09-08,0.4735732608273004,0.29114423034860637,0.002454528710802901
2021-09-09,0.4369466718289135,0.28463788175706917,0.008229869338951716
2021-09-13,0.40414436799425446,0.27725392729421766,0.006454855664217402
2021-09-14,0.3777978692082494,0.27325534804269475,0.02022480965464689
2021-09-15,0.3524453254597731,0.2668294034634446,0.6386451803069026
2021-09-16,0.3825818215572199,0.26380056668742496,0.39212487835354254
2021-09-17,0.38632415100863876,0.26025679849874633,0.06344439879539397
2021-09-20,0.3713428790613048,0.27096872900448327,1.158371366623054
2021-09-21,0.48317418062127016,0.47486260510569755,0.8921605448265165
2021-09-22,0.5213212457266745,0.44877695721867494,0.007645861593033528
2021-09-23,0.4822549511004271,0.4265055539780928,2.4410431626970372
2021-09-24,0.669516339496428,0.4097084958123711,0.028757758547317634
2021-09-27,0.6086123092682099,0.3901458111679027,0.00011329413544441076
2021-09-28,0.5577509482735913,0.37297383151341934,0.35790811925630145
2021-09-29,0.559937089162007,0.42768711522753206,0.04425635715935348
2021-09-30,0.5220134415027249,0.41753388029913563,0.2780722065910568
2021-10-01,0.5178472525225892,0.4518451627775038,0.23999846325517962
2021-10-04,0.509887967599611,0.4761632032780715,0.8171234374086347
2021-10-05,0.536032476116001,0.4389876174071246,0.5446969817279078
2021-10-06,0.5355655948590541,0.41608086010741524,0.9883137852806615
2021-10-07,0.6113149241660172,0.5714535935138909,0.6637401148383287
2021-10-08,0.6120450530515901,0.5335892387604493,0.3453117556818001
2021-10-11,0.5840929599127038,0.49985096800272105,0.08019897742712985
2021-10-12,0.5372041326429449,0.46950886415244597,0.06553461841430541
2021-10-13,0.4948923250551694,0.44122040451538036,0.8823487300810555
2021-10-14,0.5305715761839955,0.4180565652457304,0.9385172457901633
2021-10-18,0.5670019296006338,0.397719299522932,0.5661087054238545
2021-10-19,0.5633454794133937,0.3792852951892499,0.099874721644606
2021-10-20,0.5316393917791723,0.38455364439014084,0.6880591752843184
2021-10-21,0.5740868649713823,0.4900929438488175,0.23587368903680273
2021-10-22,0.559051890211715,0.5069401774157215,0.1212937857609798
2021-10-25,0.5305659456366797,0.5011520164720548,0.0033578015617008903
2021-10-26,0.48641762787242593,0.47084164172092857,0.6175636273652126
2021-10-27,0.4984355463995481,0.44447543529567657,0.09921202626483591
2021-10-28,0.4745700210408449,0.4415618562562702,3.8468665156877937
2021-10-29,0.8662336043578003,1.067026309045262,1.0915873026617164
2021-11-01,0.910512993382927,1.1679875745874146,2.1007911371341303
2021-11-02,1.0160557441854228,1.0684045497011203,0.05164841375538037
2021-11-03,0.9210817899984067,0.985118527365333,0.111933155012062
2021-11-04,0.8463468794484724,0.9244145750468766,0.24023182089049838
2021-11-08,0.7804493343781806,0.8472392063309073,0.7113298599243013
2021-11-09,0.7650445391434554,0.7783093276646225,0.018112493821544437
2021-11-10,0.6973136165142807,0.7233669682882431,0.02250781968239824
2021-11-11,0.6390984350837589,0.675125992784019,0.6403315402386761
2021-11-12,0.6613324001575335,0.7410327910826391,1.6228513896194565
2021-11-15,0.7486942713467639,0.6851497675955182,0.0013689844574964294
2021-11-16,0.6784310938991334,0.6350402792632671,0.37290432549221886
2021-11-17,0.6655199657094252,0.6593600662562801,0.3138191356829326
2021-11-18,0.647588684194585,0.6713297808653145,0.5634450271596599
2021-11-22,0.660067129504753,0.7237944884998009,3.9196345094711997
2021-11-23,1.0371883215589948,1.3296713412741763,0.2471402668936231
2021-11-24,0.9481188564008894,1.205971377246645,0.2557779140942287
2021-11-25,0.887980809614277,1.1461171013525908,0.48099042008460874
2021-11-26,0.8391863948966518,1.044198948016214,8.703795485906282
2021-11-29,1.7148685450558228,2.4175294766888484,0.026044512964848696
2021-11-30,1.5195726443237225,2.1650581954384656,0.1728254886152175
2021-12-01,1.3764753932589,1.979507471321153,1.1574660816221274
2021-12-02,1.330957809093926,1.7844543735375729,1.8446849280090247
2021-12-03,1.3577274102334773,1.61313116832087,1.4036544193113485
2021-12-06,1.3770427482468448,1.7031180597130273,2.7819731700915793
2021-12-07,1.5455221326786333,2.012934006431089,2.4073252088901236
2021-12-08,1.6023440870149883,1.818725902739671,2.8618641130555
2021-12-09,1.6969741054926648,1.6462604338083553,0.07249226289663921
2021-12-10,1.511714093422043,1.4883065343187978,0.001003755950259311
2021-12-13,1.3479245648805145,1.348537195106439,0.6728272361380033
2021-12-14,1.287249733684285,1.3447381963489793,0.062451567395306926
2021-12-15,1.1608764070923245,1.2341193089619777,0.35903781300023796
2021-12-16,1.08737140146274,1.1906731945515197,0.024542011228997802
2021-12-17,0.9741251518123986,1.0823917619341625,2.364545141742436
2021-12-20,1.1472583972648343,1.392091712296159,4.877307179876211
2021-12-21,1.5752696225017648,2.0957384816645286,0.8806945297436876
2021-12-22,1.4785895555552262,1.8861922431117766,1.1983753117646878
2021-12-23,1.4239724647959437,1.701138408952412,0.4741074835228183
2021-12-24,1.3075429228834672,1.5360516432885416,0.1632894039969151
2021-12-27,1.1934376367142168,1.4265495176422083,0.23426940885266126
2021-12-28,1.0840673785442902,1.2921510081429315,0.7338681991188434
2021-12-29,1.0339693722991636,1.1735965397755268,0.013016776368986389
2021-12-30,0.931533753329173,1.071843575659713,0.0031447775138323066
2021-12-31,0.8395311148543545,0.9787835547871115,0.7546380151934083
2022-01-03,0.8213407612678384,0.8956754262846753,2.412450845307095
2022-01-04,0.9664298176363391,0.8261887940635644,1.0272507097516637
2022-01-05,0.9578207813544247,0.7613312567251388,0.4511776334610692
2022-01-06,0.8966047733329664,0.7020662831435813,1.0111927560113791
2022-01-07,0.930217828494899,0.8286337497311467,0.14115926950536606
2022-01-10,0.8459202603481255,0.7621665506759091,1.132835737836667
2022-01-11,0.8618703943639459,0.7045630894182914,0.08462721925997276
2022-01-12,0.7813203843332821,0.6511347887998584,0.7457566563723864
2022-01-13,0.7683885091389469,0.605083793522774,0.062126301929317514
2022-01-14,0.6975845952381836,0.5627270158338504,0.00012618000259143817
2022-01-17,0.6340537936224766,0.5252557080862228,0.08199429718022366
2022-01-18,0.5806952899746775,0.49149981066203946,1.1472225301613042
2022-01-19,0.6702454774862622,0.6663308806599413,0.9387726036912012
2022-01-20,0.7237788920791547,0.7846808843382252,1.0330453545287952
2022-01-21,0.7806016735870804,0.9056572700864431,0.625194280372241
2022-01-24,0.7846844280372707,0.9437506418959549,7.250746525014246
2022-01-25,1.507315269916113,2.09653336350359,0.5603129609539942
2022-01-27,1.3864700541620107,1.8811249802822263,0.9524197222100723
2022-01-28,1.352701486349449,1.864660107834525,0.002298541660581869
2022-01-31,1.2086757832414186,1.67897381957825,1.9085013178829089
2022-02-01,1.2547207154242221,1.5171637826710618,1.8429080157547355
2022-02-02,1.2885029748509447,1.3733231856977957,1.3205588216352075
2022-02-03,1.2674693937476444,1.2447761245494129,1.5473610766044368
2022-02-04,1.3146722905123744,1.402094996928785,0.0626507198640469
2022-02-07,1.1850407114112722,1.283488368510472,3.0388069829775564
2022-02-08,1.4072511766449214,1.6927678815421279,0.09504521979891999
2022-02-09,1.2594758500968373,1.525358127256989,1.287663224195488
2022-02-10,1.238626484040959,1.3791955737226689,0.6562618812005918
2022-02-11,1.1643881842249826,1.2555417211424325,1.7458886919962193
2022-02-14,1.2467086277553372,1.4480253562856105,9.66879789526777
2022-02-15,2.1851830634879845,2.9740049135642064,8.886569441340365
2022-02-16,2.8352030018566694,2.67851171908098,0.030442957168491817
2022-02-17,2.500521074145787,2.39797776802504,0.010333357050062919
2022-02-18,2.2084194549725886,2.1481958568001285,0.026787025696479883
2022-02-21,1.9607966497125533,1.9362202177004266,0.16319221272914097
2022-02-22,1.763200044188593,1.7750181597218466,0.44539423857781957
2022-02-23,1.624001470366249,1.6820857073887339,0.028735178017005435
2022-02-24,1.451256394772485,1.5258588134444349,23.971079435704603
2022-02-25,3.9045685279642526,5.480854885429879,6.223956271807712
2022-02-28,4.076944394984421,4.8965726150420945,0.6562832891562672
2022-03-02,3.6446281733397305,4.354504517337848,1.266689623865676
2022-03-03,3.3696735308394548,4.109697401226934,0.42494471445118337
2022-03-04,3.0332113354465275,3.7461367599789543,2.3825618910741437
2022-03-07,2.964646722317482,3.767451598432063,5.6681400547972975
2022-03-08,3.256919125115213,4.3403376459433725,0.8892815029123761
2022-03-09,2.957921839371117,3.8780831232518977,4.2084155166548864
2022-03-10,3.021141901287881,3.4748810495353673,2.2958351178023
2022-03-11,2.8834811138075143,3.108639752996067,0.045790119956620315
2022-03-14,2.551825257512919,2.779873723166022,2.06746851853088
2022-03-15,2.4495320316050684,2.4959607771375776,1.5433856199603846
2022-03-16,2.352202659286017,2.513118177361911,3.4490344333639
2022-03-17,2.4086373769131444,2.260380298544804,3.31074134994814
2022-03-21,2.4642619406706476,2.065153118613358,0.9703353872791123
2022-03-22,2.301748305838265,2.030169564974145,1.3213279459877838
2022-03-23,2.1674926577146336,1.8280736052294198,0.16338521642804354
2022-03-24,1.9507087429284655,1.681029409893002,0.017656460276093036
2022-03-25,1.735955779831296,1.517327134138513,0.1646816625264125
2022-03-28,1.5671403404807127,1.4007473144928713,0.16116618497411148
2022-03-29,1.3991237266491314,1.2612534463197669,0.3576362643110159
2022-03-30,1.2666652589757597,1.13710562502522,0.9866389089046264
2022-03-31,1.2188327618043902,1.0376505940741874,0.036722521250182605
2022-04-01,1.0943367456409652,0.9529963415696673,1.3710407369823128
2022-04-04,1.09900990659884,0.8720709736920574,4.59688421177195
2022-04-05,1.4297805739123683,0.8233670799761065,0.28427518908011784
2022-04-06,1.312356774771389,0.8074149409278757,0.7012631808916142
2022-04-07,1.2701968405947837,0.8703602759120753,0.8995721697262564
2022-04-08,1.248425248292524,0.9613500712802493,0.6683472526085148
2022-04-11,1.169820756768263,0.8788793824425681,0.38075025725383616
2022-04-12,1.0988093425381713,0.8795146422779451,0.6752700797584767
2022-04-13,1.0713459713909415,0.9317010897159785,0.0974907637390516
2022-04-18,0.9761435318881917,0.8741217954778444,3.038833620392931
2022-04-19,1.2302196694651397,1.3272293835865208,1.5871474331082651
2022-04-20,1.2890530468623655,1.4835851729796792,1.0890182622945996
2022-04-21,1.2474771816594563,1.343702988578221,2.1996303977027902
2022-04-22,1.3197466278114327,1.2212919758604157,1.6301193658420077
2022-04-25,1.3725732485504252,1.3970549731068624,1.6323624877943173
2022-04-26,1.4188298808803017,1.553866357910317,2.08951096717661
2022-04-27,1.459225624962719,1.4075857887011822,0.8998982280264053
2022-04-28,1.4128307170568988,1.4381527391649056,1.4533623452894344
2022-04-29,1.3914237576077368,1.3034115821125607,0.6884967122940833
2022-05-02,1.3283381712032758,1.3086984178688532,0.03833107800920303
2022-05-04,1.1949427101776111,1.1976452197157244,5.383936037817929
2022-05-05,1.6748640577379148,2.0064762175017226,0.0009168927188997752
2022-05-06,1.4900042613180668,1.8059464641861567,2.690323407430616
2022-05-09,1.6395579632601476,2.0974951902537686,0.4473604460025149
2022-05-10,1.5185998727247507,1.9711001571511124,0.14426116793423735
2022-05-11,1.3747704788552193,1.804912278920336,0.2026901823981759
2022-05-12,1.260356501504723,1.6714749799410482,5.045480870496172
2022-05-13,1.6969619186077773,2.3743780716941973,0.026783342043768026
2022-05-16,1.5163777987185434,2.1342593548618773,0.14470311265487387
2022-05-17,1.3601104298543911,1.9222142829947593,6.7503705424183496
2022-05-18,1.879471933718074,1.7414992957115738,0.01367134588417645
2022-05-19,1.674602620228602,1.5760156504865142,7.231296940091961
2022-05-20,2.308080209626691,2.662344592174855,8.11199309054439
2022-05-23,2.8691892044907066,2.402974986181646,0.10036446775949197
2022-05-24,2.5501080452896345,2.1785749475796377,0.3067012027316047
2022-05-25,2.2994450073231776,2.018318962492513,0.38195833914569194
2022-05-26,2.089455607310971,1.8894855627962122,0.8040821473601013
2022-05-27,1.9233205575081795,1.7022029826554044,1.2568138675153946
2022-05-30,1.8218211725429747,1.536840033784895,3.503240342652045
2022-05-31,1.9585465242921325,1.3933772925916348,0.2137309133340346
2022-06-01,1.7698723460261512,1.3039545795690213,0.13938029577912422
2022-06-02,1.5947815744968261,1.210760823898622,0.4031998874440688
2022-06-03,1.4502558658452898,1.098133599964353,0.06924842710092723
2022-06-06,1.3034223431987386,1.0134473119470073,0.007917281960190951
2022-06-07,1.164245950051591,0.9250740880313667,0.8628468642051391
2022-06-08,1.1497204558562788,1.0060610773501444,0.13451864351794046
2022-06-09,1.0469197804828219,0.9447892299440195,0.5508779954357611
2022-06-10,0.9805094068452727,0.8618584629630297,2.8594362714849635
2022-06-13,1.220981579741296,1.299383962364256,7.1470341533481045
2022-06-14,1.9033254230374257,2.427770374816486,0.07210360324031788
2022-06-15,1.7019004243725966,2.1889503161164483,0.06464682468394292
2022-06-16,1.525313709781658,1.9798683988194647,4.560295407615973
2022-06-17,1.8821948291194013,2.584566367360508,0.19165680049976444
2022-06-20,1.700012051453232,2.3519196934702453,0.13670544115446429
2022-06-21,1.520199598966159,2.1078545723176396,3.470665388836978
2022-06-22,1.6913535192554598,1.8947566009819163,2.109533427753481
2022-06-23,1.7555094532440672,2.080972767837361,0.8570065190531418
2022-06-24,1.6360664657155664,1.8718852437250206,0.8326043225761867
2022-06-27,1.527600420871963,1.6853609888228986,0.7095389679239147
2022-06-28,1.4244772001522201,1.5187335271850864,0.013128043451905198
2022-06-29,1.2681158662851826,1.3702387109323637,0.10427598318062604
2022-06-30,1.1459477729251277,1.2618615659118926,0.014251429909052886
2022-07-01,1.0272430231326055,1.1478518976319103,0.03199286703874307
2022-07-04,0.9260371825354304,1.050360044570618,0.2781776456294191
2022-07-05,0.8520725202445099,0.9561198945849971,0.023974481210892216
2022-07-06,0.7706189004052841,0.878394933709504,1.2666643137997053
2022-07-07,0.8151072806396217,0.8066378338913206,0.7938244522894304
2022-07-08,0.8049318835687123,0.7414076334861299,0.29390774375087964
2022-07-11,0.7473115445384826,0.681629135359606,0.0008043244267575348
2022-07-12,0.6745382855773202,0.6282991612771182,0.9550315270010566
2022-07-13,0.7330652082789058,0.759400072429665,0.3276007007538326
2022-07-14,0.7079210430251182,0.7622644358230266,0.030807083846795223
2022-07-15,0.6466366962232559,0.7092805495197281,0.4777594555918096
2022-07-18,0.6259320146917353,0.6537511401754411,2.012483405402298
2022-07-19,0.763360528733346,0.6076740715591102,0.1447435649819908
2022-07-20,0.6982065486535458,0.5650885115279128,1.2041680825917713
2022-07-21,0.7424613176423472,0.5274101830721886,0.2596630638948745
2022-07-22,0.6899144755217176,0.491880323110037,0.4697396075503688
2022-07-25,0.6625582667854499,0.46068651178315606,0.281349828089485
2022-07-26,0.640267293392983,0.4889632339121991,0.789846999991501
2022-07-27,0.6833498621690622,0.6066562560767506,0.9094596824304632
2022-07-28,0.7019043860129137,0.5677167956794549,2.9398176780122007
2022-07-29,0.9227497527435464,0.5306664044467627,1.7997728802908333
2022-08-01,0.9996531410696043,0.497201382687937,1.110872238741941
2022-08-02,0.9966410116513704,0.46736463849623233,0.000968947474528014
2022-08-03,0.8925532341987367,0.43998950713287394,0.06045614198925142
2022-08-04,0.8043667004076684,0.41532643460592716,0.0012515616911954485
2022-08-05,0.7261580081431528,0.39459603260719095,0.007944686726069725
2022-08-08,0.6555448138422652,0.3749832841090301,0.5340100332223716
2022-08-10,0.6385411176412956,0.3580166036450509,0.0030306075540586135
2022-08-11,0.5783276876131096,0.3420298596953109,0.4985690390960539
2022-08-12,0.5693871501646822,0.33009926766427183,0.049043113545551006
2022-08-16,0.5203553047710817,0.317995228242829,0.5120626124949033
2022-08-17,0.5187859366299342,0.30813934323643244,0.44272228135336933
2022-08-18,0.5110672384234535,0.2994235024300679,0.004657202902615679
2022-08-19,0.46660646365622305,0.2903116054034083,1.2300476639378872
2022-08-22,0.5870996520562224,0.5134163670487808,2.30801377693151
2022-08-23,0.8173090477521537,0.9009911676931612,0.2450654588066715
2022-08-24,0.7528535806046004,0.8216264788597109,0.024348264169207177
2022-08-25,0.6791615003893307,0.7527969383970645,0.2206365773573741
2022-08-26,0.6477858899217037,0.7376937299837467,0.043184779723594684
2022-08-29,0.5890113680237901,0.6787972741294356,1.9906543824000456
2022-08-30,0.7807558492896967,0.9884250153519953,6.480820368396711
2022-09-01,1.3817467044136467,0.9109650839406717,1.5044770329219799
2022-09-02,1.4182588323748708,1.1134637919224146,0.0003650730388791918
2022-09-05,1.256112247717228,1.009012259294397,0.5152406141068515
2022-09-06,1.1605804121937362,0.917465728664991,0.0033364476705325563
2022-09-07,1.0351115502617414,0.8387007622309176,0.03128171126290714
2022-09-08,0.9315343853006693,0.7768383295249588,0.9690241413612235
2022-09-09,0.923472664530242,0.7136693773569303,0.037715496403989586
2022-09-12,0.8289171076814792,0.6575146043289849,0.33167005663235943
2022-09-13,0.7710034409529456,0.6079876802888418,0.5515374388412139
2022-09-14,0.7415320440761334,0.5643789552953252,0.13511838822919137
2022-09-15,0.690060978334457,0.5557252201733023,0.49599656804943315
2022-09-16,0.6929632623993779,0.6164563682348334,3.831885869955271
2022-09-19,1.0903533933160863,1.268193359382657,0.27041501516782807
2022-09-20,0.992673011198199,1.1436299620967871,1.1987302509618123
2022-09-21,1.000502091556292,1.0366321362396305,0.30361846873187753
2022-09-22,0.938567398685044,1.0035239537420049,0.251011752660512
2022-09-23,0.8781445904790415,0.9649861859471796,2.994471354450874
2022-09-26,1.151278331555012,1.4236500140814616,3.281315362464553
2022-09-27,1.4261700200830087,1.8855223300416606,0.002737253600341561
2022-09-28,1.2659916983504398,1.6882160019415735,0.7722327139630915
2022-09-29,1.2279783522205325,1.6653954752507312,0.05785107325058298
2022-09-30,1.1033014439308875,1.5113521778580283,2.654394474703303
2022-10-03,1.250949954126233,1.3639272962654607,1.4842984804420265
2022-10-04,1.3002907707529194,1.507775061266927,5.132533416270991
2022-10-06,1.6924912483527503,1.3638399057781296,0.11043103028029541
2022-10-07,1.5019162183188677,1.2299413756408788,0.009801455704249973
2022-10-10,1.3340127193181621,1.115560183249675,0.18170767554033915
2022-10-11,1.2128018737996846,1.0499023153662035,2.263518344875692
2022-10-12,1.359814764257838,1.3716051334712889,0.6744239103743357
2022-10-13,1.2678522942047457,1.2376513745060587,0.4096670096846568
2022-10-14,1.1861054781934641,1.2054344073807564,1.0041071150002654
2022-10-17,1.1498529007602234,1.090708609548801,0.5344776498164076
2022-10-18,1.070374224908944,0.9892399544270357,1.0133339021658403
2022-10-19,1.0497502669276577,0.9002204336560695,0.02090315257239342
2022-10-20,0.9362239461951339,0.8204034209722872,0.08689674821239751
2022-10-21,0.8413753821524338,0.7498531960663959,0.00494190205658956
2022-10-24,0.7530213493392061,0.6869138314486141,0.7654451560791351
2022-10-25,0.7474511681190175,0.6329184633186434,0.17681608305110683
2022-10-27,0.6997362799037915,0.6227992423382673,0.2074365501083389
2022-10-28,0.6460107857370773,0.5766600174830071,0.0787735651665267
2022-10-31,0.5860296251988539,0.5339233952601165,1.5857381721500479
2022-11-01,0.6876274098818124,0.4996846606350493,0.5428512339597003
2022-11-02,0.667801560498589,0.4684054318450747,0.11924265000832174
2022-11-03,0.6233130315566174,0.4668385755432892,0.02784689446263078
2022-11-04,0.5715078419891894,0.44656488961193463,0.1270074337991827
2022-11-07,0.5262389866327768,0.42005754075308205,0.22244865564696378
2022-11-09,0.49513771673082385,0.39683347672519553,0.06346923048321873
2022-11-10,0.4643282370066709,0.39253206177143557,0.5068024646429882
2022-11-11,0.49817540816734035,0.4767587645547702,3.1244195636415077
2022-11-14,0.7766414840667286,0.44972590498863285,0.012554597370901957
2022-11-15,0.7020014144003157,0.428150936453463,0.16343757693351285
2022-11-16,0.6429973086281391,0.40415206907740026,0.0011529657717902898
2022-11-17,0.5810342017343745,0.3828987381582865,0.12801292661472025
2022-11-18,0.5504241581847497,0.3947333119057344,0.03912835466592296
2022-11-21,0.5092566712092556,0.3859069902031314,0.6561728655257366
2022-11-22,0.5564013724832113,0.4999191504000285,0.214239530572054
2022-11-23,0.5212601470777435,0.4671928379710074,0.01594311807918137
2022-11-24,0.47489456297757204,0.43829490156091677,1.3926461263582068
2022-11-25,0.5692124062645967,0.4143698886702303,0.0239878747073824
2022-11-28,0.5172438847090713,0.3920124825103334,0.0727489104445346
2022-11-29,0.4749236304648373,0.37210023344239085,0.08848826644753069
2022-11-30,0.43925321855252414,0.3544885830996835,0.5636080804420635
2022-12-01,0.45216946163346644,0.3396594945146506,0.08309248517054482
2022-12-02,0.41906443327796467,0.3258701428269753,0.3852210007803323
2022-12-05,0.44304896695265417,0.3950264100286318,0.000701130694151653
2022-12-06,0.4071106097293906,0.37470748473376553,0.09749277022927373
2022-12-07,0.3936391011266952,0.3807422003835494,0.19551111769451052
2022-12-08,0.39560989434833854,0.40609211062511996,0.06908775396172473
2022-12-09,0.3685854327355624,0.3839375230380136,0.3693249722852321
2022-12-12,0.3969558944706046,0.44287968908318387,8.866690952525585e-06
2022-12-13,0.367021715881979,0.41502106063706357,0.3569953152972017
2022-12-14,0.3700314732814356,0.3924828430012496,0.07877669024685972
2022-12-15,0.3464558340712255,0.3720372664843521,1.7524923995393753
2022-12-16,0.546500993118104,0.6874848134549629,0.6327417182272175
2022-12-19,0.5851165336562762,0.7599287814479906,0.681579649906748
2022-12-20,0.5917176601948699,0.6980009572594956,0.0364788348763402
2022-12-21,0.545267983395585,0.6520771440574078,1.036192461663661
2022-12-22,0.6328897870569312,0.8030983503153446,0.15604829693390856
2022-12-23,0.5984938346230843,0.7688032335332375,3.183146714566216
2022-12-26,0.9374217566423289,1.3001268610476497,1.3460797860471136
2022-12-27,0.9668663408673941,1.1738574233293468,0.4241139037811131
2022-12-28,0.8979187928962243,1.0609660672342185,0.0029231449982051964
2022-12-29,0.8045787631018697,0.9632105345484973,0.14233311220270506
2022-12-30,0.7315132425101599,0.8757604117014532,0.22299267672485817
2023-01-02,0.6944595846349961,0.8482996457967014,0.25772631142505037
2023-01-03,0.645914284457994,0.7749947116655657,0.03713597369935871
2023-01-04,0.5852027908134692,0.7101097037972406,1.0927603047051877
2023-01-05,0.6742436129480981,0.8633247631878422,0.07949073274021898
2023-01-06,0.6241645406987394,0.8071256181265385,0.5480199882830956
2023-01-09,0.6409744811959959,0.847872090019355,1.8078026283329283
2023-01-10,0.7578068186136668,0.7779670993357822,1.0789529690625912
2023-01-11,0.8233186358044658,0.9211059341682719,0.010619473432167386
2023-01-12,0.742615299078083,0.8436458190719816,0.044002367207611755
2023-01-13,0.6782551010753392,0.7829687880132455,0.3019470491413507
2023-01-16,0.6360978158197331,0.7174720520636392,0.11866464450991263
2023-01-17,0.5964764779355065,0.6872388505978533,0.7771474523822277
2023-01-18,0.6110727378943094,0.6333349000822557,0.3828360912677912
2023-01-19,0.5847888619519716,0.5853406833205627,0.1005135671439871
2023-01-20,0.549683664207707,0.5677300022657024,0.1970305438769258
2023-01-23,0.5316185189061996,0.5702942213616298,0.25296940469455437
2023-01-24,0.5038812766484804,0.5309110823499131,1.9038779090556313e-06
2023-01-25,0.46194407053520736,0.49554913157669994,1.5804696180864906
2023-01-27,0.6258632518289021,0.7626181729595184,2.6259680538373176
2023-01-30,0.8926618844291353,1.1893246410273213,0.06402108645658383
2023-01-31,0.8019164830057155,1.0735087573157085,0.0055906527609706136
2023-02-01,0.7200256318733221,0.9728149448077628,0.067563593477234
2023-02-02,0.6621134966428287,0.901644473970755,0.0011222188969374483
2023-02-03,0.6000717332695947,0.8235449460997948,1.8880843605471327
2023-02-06,0.7291838419678721,0.7548196903907215,0.2522777603589648
2023-02-07,0.6956308535079608,0.7462320956606052,0.05900523602867161
2023-02-08,0.6398257778962029,0.7003484522449557,0.7123057396112045
2023-02-09,0.6429330939615977,0.6452221002675204,0.014793078344056165
2023-02-10,0.5827658382597838,0.596231514398008,0.04272872780589594
2023-02-13,0.5388257748960416,0.5643237174327421,0.23090692578993302
2023-02-14,0.5263662752800919,0.5732854236220742,0.7929172137913075
2023-02-15,0.5521811938045594,0.5331219224519825,0.22896266910180946
2023-02-16,0.5196198324587981,0.49709730537307867,0.012310298777741358
2023-02-17,0.47391954873572284,0.46475489211042076,0.2595416216364119
2023-02-20,0.4732606381290236,0.490420777155857,0.3098013165479043
2023-02-21,0.479982315750232,0.5241827614394169,0.010072730988085232
2023-02-22,0.44288000762619856,0.49256475645987124,2.3710798000500684
2023-02-23,0.699541589469668,0.8972589050297723,0.06029220570797145
2023-02-24,0.6425405343144786,0.8322842300640066,0.06753780622631012
2023-02-27,0.5945176669323079,0.7775207862998407,0.1759126999364127
2023-02-28,0.567365815107783,0.7506654351095483,0.26171195268853376
2023-03-01,0.5551581017831652,0.7432501393296482,0.7151225087926701
2023-03-02,0.5696097423393548,0.6827893023825751,0.5505085289152779
2023-03-03,0.5921555632312352,0.7353309424332906,2.4355304579208568
2023-03-06,0.7784812343819794,0.6792041890243775,0.4400296940324822
2023-03-08,0.7389770107489994,0.6275208463886527,0.05866643725764819
2023-03-09,0.6704176928472394,0.5822347530221447,0.8696678622836783
2023-03-10,0.7190703839362265,0.7040577695371546,1.0193856131134513
2023-03-13,0.7790819016332304,0.8385969825215458,2.2387391313976757
2023-03-14,0.9743413408058668,1.1749795021443974,0.42142248454159753
2023-03-15,0.9298027309414619,1.1469641527370977,0.17501020124896186
2023-03-16,0.8602464926979233,1.0767295980978706,0.006274459756585815
2023-03-17,0.7744878610982301,0.9807065319340122,0.4509834169981924
2023-03-20,0.7361678099447391,0.8937198888583037,0.42911041205887707
2023-03-21,0.7229639720970814,0.8999930022067286,0.48806747943293755
2023-03-22,0.6951264358849155,0.8227142958680661,0.06718534385653482
2023-03-23,0.6322780324918359,0.7543921293601376,0.19204391048952751
2023-03-24,0.6025979642989179,0.7332741300947793,0.6007635858128318
2023-03-27,0.626688578212625,0.7886874912862023,0.057406517367150085
2023-03-28,0.5722709808548393,0.7248494160706829,0.04014773247112571
2023-03-29,0.5294200836061649,0.6779722555610848,0.5747228411955713
2023-03-31,0.5350363549028034,0.6266968079799545,2.6260795017885665
2023-04-03,0.7493696343810848,0.5837217394171185,0.04857032717344881
2023-04-05,0.6781174140856309,0.5428827040959788,0.8276354680369014
2023-04-06,0.689394617326558,0.5075771850700226,0.05736046417136144
2023-04-10,0.6264177166086407,0.47526261301389766,0.01999009278601535
2023-04-11,0.5688051113776369,0.4464305085078317,0.30905669853787965
2023-04-12,0.5424010853649471,0.4206939128495934,0.2571593584972687
2023-04-13,0.5142293130350427,0.39762470730315397,0.007663062100517495
2023-04-17,0.4724575633337516,0.3790075003525708,0.46494762190500133
2023-04-18,0.4971463645516395,0.45188264134685296,0.06974021494405767
2023-04-19,0.4686366104428945,0.4422720992089111,0.055085739939212355
2023-04-20,0.44060930872146314,0.4306731451165083,0.0010460200338430065
2023-04-21,0.4057813847330901,0.40736111552643944,5.110920476927003e-06
2023-04-24,0.37512013091633234,0.38667641200528474,0.45550984409727635
2023-04-25,0.3885348007664461,0.36902689536012784,0.0211934637934399
2023-04-26,0.3606544357324095,0.3524547123616855,0.062138188595445544
2023-04-27,0.33839845850295136,0.3376571592087521,0.3225100396459283
2023-04-28,0.3427415778140171,0.32513122915787007,0.6947521364137302
2023-05-02,0.3843990979508363,0.315098907861466,0.20836784341654066
2023-05-03,0.3726233030984862,0.30515864717805363,0.10176810512074894
2023-05-04,0.36420191445602557,0.31918160904656473,0.8339149983842874
2023-05-05,0.41690415475540465,0.31014383211941265,1.057836486179305
2023-05-08,0.5238429973701346,0.5007900853230572,1.156930128606819
2023-05-09,0.5904047665062022,0.47108938876342454,7.190494978714266e-05
2023-05-10,0.5362388023303769,0.44342187229572905,0.07221079980630861
2023-05-11,0.4930361160291949,0.41921375368459224,0.009775729944848885
2023-05-12,0.45487747561836767,0.4010013551165372,0.009455750519038271
2023-05-15,0.41846105478962825,0.3811866421888121,0.20963785039557137
2023-05-16,0.40224819926303335,0.3639633847889085,0.375163445637127
2023-05-17,0.4266628985523362,0.4243019903927827,0.3300202558685758
2023-05-18,0.44167596888509764,0.46842109216105576,0.08140293342150101
2023-05-19,0.42174382701604024,0.46001502072517436,0.16347364914977214
2023-05-22,0.4006007090237599,0.4330758267998066,0.3695722839265042
2023-05-23,0.40168080618512314,0.4094946859578375,0.033595947904549776
2023-05-24,0.37224119034111564,0.3882278716690322,0.11680182210338586
2023-05-25,0.3660907003225189,0.3955586137278223,0.03815001737828246
2023-05-26,0.34222375533458715,0.3761114400729902,0.9369124304189353
2023-05-29,0.4099934867933206,0.36065490309729736,0.2865935437910446
2023-05-30,0.40206493492220857,0.3459243012985681,0.03575048208379191
2023-05-31,0.3730673828015765,0.33253767176951227,0.28636542972846707
2023-06-01,0.38925800219556633,0.3790047568127045,0.06351082277298248
2023-06-02,0.37257678290492635,0.3767173862919266,0.06269550101247162
2023-06-05,0.3488880916998543,0.35927025803048995,0.10359400837101303
2023-06-06,0.33231034263734194,0.345009075058587,0.0007670460299230864
2023-06-07,0.31031322994675425,0.3309969389136367,0.46601074809622034
2023-06-08,0.332257557328897,0.319344159733722,0.24175781380580602
2023-06-09,0.349063039207951,0.35894804698762267,0.14634489861262973
2023-06-12,0.34886609354507775,0.37518026411738625,0.0420373562580451
2023-06-13,0.326020315675125,0.35777381304966743,0.37755934003293523
2023-06-14,0.3372699537243896,0.3428554864666947,0.045011103389058206
2023-06-15,0.31631621383632913,0.3289643434346446,0.13114926583538628
2023-06-16,0.3175836749403846,0.3456020150145873,0.5405126244389545
2023-06-19,0.34777676934172186,0.3322984743945778,0.14096705263793644
2023-06-20,0.3466534174505291,0.35062509342140014,0.10630186596061779
2023-06-21,0.32847129376921397,0.3358005623212458,0.04543251776913179
2023-06-22,0.3077973317939735,0.3223115871495338,0.20700483305235556
2023-06-23,0.32080180036103656,0.3542311262601964,0.31917346261307206
2023-06-26,0.3425781739682421,0.40069538953293393,0.018930538983600906
2023-06-27,0.31681345482214845,0.37900663182695493,0.4528228610395901
2023-06-28,0.3377909326800936,0.36286458664273574,0.6703456460023798
2023-06-30,0.3781735862680654,0.3489591075802228,1.2928568277950092
2023-07-03,0.4784368709959476,0.33814955836730975,0.4806653791129105
2023-07-04,0.4808564228569535,0.3268735809495573,0.11785810773284118
2023-07-05,0.44848074293104473,0.3160221783445416,0.002399515955416638
2023-07-06,0.4123737594441472,0.306162854970251,0.2580935686684817
2023-07-07,0.40086166198719303,0.2975694773584148,0.7266856158285789
2023-07-10,0.46958877556762524,0.4296566813988819,0.01552152043024295
2023-07-11,0.4308474251476924,0.40693778516188606,0.18530026350652112
2023-07-12,0.41065900555048335,0.38706466030912934,0.08056821527118335
2023-07-13,0.39429639744779754,0.3879800390522396,0.023045593645867394
2023-07-14,0.3654435154185081,0.37000903091539394,0.5983210607747254
2023-07-17,0.39377904432961935,0.35504325067675474,0.5599448151982651
2023-07-18,0.41425415048434433,0.34176416556037265,0.03670559392362841
2023-07-19,0.38336459879240525,0.32887804652154556,0.17971527953446653
2023-07-20,0.3689521303732573,0.3178263301016739,0.5379414925836589
2023-07-21,0.3901309611278553,0.3088430262547534,1.3897945022899942
2023-07-24,0.5431121715116413,0.5601495116808493,0.13588203543588082
2023-07-25,0.5174635711862374,0.5517830919151854,0.0017579775750500278
2023-07-26,0.4724840213869682,0.5148839159149592,0.24522873344654952
2023-07-27,0.45262344562011797,0.483452213562637,0.3605244104533012
2023-07-28,0.46911306050281254,0.5268721829657712,0.004966134247117941
2023-07-31,0.432824381418565,0.4951309716799144,0.2991627681703468
2023-08-01,0.42253453131699276,0.4649363799359844,0.01051947606648444
2023-08-02,0.39407391929749547,0.44219004031395165,1.1120028328941973
2023-08-03,0.5113913109730729,0.6247484474845009,0.5547800227797928
2023-08-04,0.5440136847559844,0.6860538727954496,0.48429328033000973
2023-08-07,0.5379965023680207,0.6336770089877,0.16858914595720098
2023-08-08,0.502423083330681,0.5873158526850448,0.018242477994167422
2023-08-09,0.46465153342533744,0.5516588842527044,0.0990832075864014
2023-08-10,0.4325865271235935,0.5152131457533853,0.2085456518141642
2023-08-11,0.43080527203198227,0.5256623499821023,0.3470926277572551
2023-08-14,0.4470362704491162,0.5599457655623404,0.001034548143984957
2023-08-16,0.41115486420589176,0.5226144000063132,0.02450887094941985
2023-08-17,0.38013448560911395,0.48956612237712904,0.2639656024708574
2023-08-18,0.3927999773455242,0.5137619180903921,0.08118727820390936
2023-08-21,0.37812121299666596,0.499891530429149,0.1859515471366736
2023-08-22,0.3653673038755016,0.4698524260184079,0.0002158688620546881
2023-08-23,0.3397414158611778,0.4430031246263957,0.05995249344653173
2023-08-24,0.32009633326537784,0.4192016955950121,0.08710263363559968
2023-08-25,0.3153448327279013,0.4176153912362377,0.3913352977968457
2023-08-28,0.35202043348009576,0.4724406994884808,0.043556312239337446
2023-08-29,0.32921220511881083,0.4451827347335873,0.03587098845770516
2023-08-30,0.3085342483709318,0.42103277700822395,0.0006153620241656644
2023-08-31,0.28893357897587213,0.39959778543111674,0.23542903907362753
2023-09-01,0.3076425636256856,0.4277253729013306,0.8803235756606461
2023-09-04,0.37533567405374596,0.40666097208247015,0.23033267262777748
2023-09-05,0.36628741249815316,0.38722046995258735,0.05559287749612299
2023-09-06,0.3421223145802424,0.3695395120627735,0.034042813115403935
2023-09-07,0.3192256012364847,0.3537568815279469,0.34781771116621607
2023-09-08,0.3283710568810098,0.340263399850772,0.2207248956264089
2023-09-11,0.3234603771940045,0.3280106680565708,0.7851325539648886
2023-09-12,0.3765597157693336,0.31852062208122006,0.0002482537384559293
2023-09-13,0.34906675610080595,0.30948789239701036,0.14699449745843596
2023-09-14,0.33474872056352917,0.30042582093135184,0.027154089283411845
2023-09-15,0.3131009067336872,0.2922322509125494,0.19623020513156403
2023-09-18,0.30702615301165953,0.2849850626675038,0.08576703904020885
2023-09-20,0.3032476920286099,0.2984506181376959,1.3421451428300366
2023-09-21,0.46221097083727425,0.5394870146118735,0.6438531244571255
2023-09-22,0.5115557907788236,0.6261367712763656,0.11939655205884463
2023-09-25,0.486270783736695,0.6056703858724279,2.3372141606621074e-06
2023-09-26,0.4446001415505279,0.5625035219417743,0.002508523024733037
2023-09-27,0.40942920633466257,0.5257161339850983,0.06907238399299524
2023-09-28,0.382751997540593,0.493650025292005,0.9666436677209743
2023-09-29,0.482207112397558,0.6419538858181842,0.34343253193909734
2023-10-03,0.47009744277488874,0.5948151972438006,0.3129330783475327
2023-10-04,0.475871546251572,0.6143420753007245,0.22615704917762022
2023-10-05,0.47087076877198303,0.6172469877190274,0.31648837695578397
2023-10-06,0.45763059198259665,0.5730195674847182,0.30223254008588674
2023-10-09,0.445029656100415,0.5345406335075519,0.5195326149148203
2023-10-10,0.4795649725772553,0.5981464309948964,0.8200527307154294
2023-10-11,0.515654220651687,0.5566174044168921,0.3784379883301828
2023-10-12,0.5028954760659573,0.5195274496709971,0.007675943096462251
2023-10-13,0.4630268791403779,0.4895456144065407,0.04718311338448919
2023-10-16,0.43315679711793187,0.471521426832303,0.00955859217805526
2023-10-17,0.40052386287000097,0.4472713159654033,0.16269635809926186
2023-10-18,0.380597204442411,0.422439433474545,0.5058116236276736
2023-10-19,0.42157821451530797,0.4963621223101191,0.05577138437841773
2023-10-20,0.3977741473581448,0.4790062674555741,0.17553254835522913
2023-10-23,0.39367022449205,0.4865214404968791,1.8063961987908255
2023-10-25,0.5929107254982626,0.7836027071949163,0.6908407878096137
2023-10-26,0.6286121821913742,0.8476036692537832,1.9460010325827133
2023-10-27,0.813346398140862,1.1261761146590101,1.0050621629622105
2023-10-30,0.8281743281137488,1.0241673728899972,0.24056014149098726
2023-10-31,0.7633083984735856,0.9361669286746364,0.10289636353356019
2023-11-01,0.7031129138640655,0.8768856792032007,0.22580524843866562
2023-11-02,0.6674184451180972,0.8479005039549725,0.5715171385701885
2023-11-03,0.6542195799599595,0.7769211253116785,0.2575644514765343
2023-11-06,0.6117020242939182,0.7141697979901435,0.8790586526601162
2023-11-07,0.6372449929509049,0.6594186933701434,0.0006771747441723793
2023-11-08,0.5777877780746725,0.611197119746152,0.03589118750800302
2023-11-09,0.5256453593951331,0.5676006086715213,0.06160398570992855
2023-11-10,0.49042098589575955,0.5433268613001577,0.023965673022009595
2023-11-13,0.4484448402162034,0.5075120136274174,0.008771103732724697
2023-11-15,0.4115588227301886,0.4760275408698852,1.405692481912328
2023-11-16,0.519297413248798,0.4496916625617337,0.20712966944471475
2023-11-17,0.49000462580216475,0.42506065862849546,0.028601201470218083
2023-11-20,0.45438341535333626,0.4104582028491929,0.036770603920688684
2023-11-21,0.42449310070536284,0.39922334221538963,0.20513662978361494
2023-11-22,0.4066313384666324,0.380440418904261,0.020649743016559443
2023-11-23,0.3751439589102341,0.3630402699319189,0.0024728850363889684
2023-11-24,0.3485290952124466,0.3489736480214266,0.0013598177443773297
2023-11-28,0.3254459713777863,0.3364301596405787,0.2292288408962678
2023-11-29,0.3221355773590692,0.3244065354004746,1.0709469288388458
2023-11-30,0.4067672927141884,0.31588434989767517,0.03301861794961851
2023-12-01,0.37563727673028496,0.3057718311420401,0.4449748224441751
2023-12-04,0.3867872503933764,0.2977963105441844,4.185085077439901
2023-12-05,0.8045798170706093,0.3038566807939503,0.656529442783315
2023-12-06,0.7813989280856892,0.29844890012343583,0.15624790262741298
2023-12-07,0.7117489646269435,0.2921900593793173,0.030524436543266344
2023-12-08,0.6474678352071903,0.29451704912824606,0.10627930957256904
2023-12-11,0.591804896550951,0.2881550639978861,0.017425676863004592
2023-12-12,0.5366603520617543,0.282350177683661,0.1873992472821433
2023-12-13,0.5182588732477401,0.3166217883010799,0.009096598194870032
2023-12-14,0.47235417685304704,0.30749860288490893,1.4824674912516704
2023-12-15,0.5788349960756392,0.30382702555570623,1.651190285008349
2023-12-18,0.6887481181390034,0.3017418873669986,0.03142049715878663
2023-12-19,0.6281598273282178,0.30425192078877533,0.025827151483860465
2023-12-20,0.5703368560160517,0.2974120495665439,2.0226877503392973
2023-12-21,0.7761829506423675,0.6573013460850212,0.2447810076320426
2023-12-22,0.7154849968984771,0.6093026112260772,0.1961695852569712
2023-12-26,0.6587457804649378,0.5672299985935415,0.18469605462867214
2023-12-27,0.6084391824904641,0.5303647416809856,0.980802531271223
2023-12-28,0.6439226972257923,0.4990263782637948,0.32576265607243715
2023-12-29,0.6087763038910738,0.47055113219617456,0.04726949254162917
2024-01-01,0.5613536728266239,0.4571573623414632,0.0023334224635073253
2024-01-02,0.5098211630848123,0.43325373080854745,0.12293970393600402
2024-01-03,0.4860318735058616,0.4389898627289645,0.4727178786095111
2024-01-04,0.512233022640746,0.5071311943268821,0.4281108301414965
2024-01-05,0.5044369791945171,0.4783373308469921,0.05795008543224779
2024-01-08,0.46297999980813925,0.45180073324055536,0.8376761567309907
2024-01-09,0.5378980708915098,0.5829803023083894,0.021885864047872388
2024-01-10,0.49009635253921313,0.5438664503947165,0.11709084901455281
2024-01-11,0.45555741672148026,0.5095796052611387,0.01735634938803557
2024-01-12,0.41828688586880286,0.47956995174888717,1.290883029338635
2024-01-15,0.5109657665398321,0.4544930189199458,0.8508953339277389
2024-01-16,0.5450440276515609,0.4320609506661782,0.0871777581280344
2024-01-17,0.51255512111796,0.431575408838116,4.458757626998704
2024-01-18,1.0154922616628719,1.1781178412871143,0.2599210722700299
2024-01-19,0.9438856268079773,1.1190284691087327,0.552681401100475
2024-01-23,0.8923417703306441,1.0176023753968633,3.204135103718182
2024-01-24,1.1987063292431237,1.4858879881066338,1.0158637813341271
2024-01-25,1.1617206738864234,1.3414061060962155,0.22422567598849055
2024-01-29,1.0658431864240465,1.257714425712793,3.193357641588842
2024-01-30,1.2820672789880039,1.1441867208123324,0.9926467712308326
2024-01-31,1.2680095023500495,1.2194664363995984,0.8865276240197563
2024-02-01,1.2080828157751624,1.1073431314540056,0.016929900269405607
2024-02-02,1.0764136404780473,1.0128150818535988,0.5155454108052699
2024-02-05,1.0038712081920411,0.9247210806294822,0.1416716743024122
2024-02-06,0.9191267083596044,0.8774165554350577,0.5208934220717076
2024-02-07,0.8676575368782868,0.8051406975458577,2.5142101609003354e-05
2024-02-08,0.7775791288073279,0.741621990468411,0.948537776075661
2024-02-09,0.8248014967086116,0.8567486182759056,0.08807976573897677
2024-02-12,0.7451759077675343,0.7869724798360271,0.5884063053975954
2024-02-13,0.7517749075033371,0.8338428090552205,0.34424435766946726
2024-02-14,0.7059378313771145,0.7672421479872408,0.19732354424073864
2024-02-15,0.6521236293252244,0.7084694846835623,0.10445228955084412
2024-02-16,0.5969080342166123,0.6564714777690591,0.3496741023594593
2024-02-19,0.5712685006044222,0.610616612622925,0.1363958304338454
2024-02-20,0.5286863283717672,0.5697753057345241,0.11363421700567604
2024-02-21,0.4894619888524834,0.5334490519900105,0.41129401278059086
2024-02-22,0.5060494336205337,0.5781554612054332,0.5382195721437891
2024-02-23,0.5101977217947273,0.5410732675489359,0.0004571846973809782
2024-02-26,0.46661723188274895,0.5084923249157894,0.16722196374576934
2024-02-27,0.4548156834280443,0.512809046160058,0.11854663597757693
2024-02-28,0.42409983753447117,0.482604198688094,1.254040830776603
2024-02-29,0.5522051638259279,0.6773951389522804,0.02075954183377968
2024-03-01,0.5023490379303723,0.6283351050489888,2.5800306112048452
2024-03-04,0.7222741777009866,0.5865922630078895,0.08928571606289747
2024-03-05,0.6558181797927642,0.5479891897642574,0.04851952061953013
2024-03-06,0.6024876243133146,0.5255375526631347,0.27595580294530425
2024-03-07,0.5683510275367711,0.49472323342178975,0.007521939223875816
2024-03-11,0.5159177835698344,0.4667212584168947,0.5153639627699051
2024-03-12,0.5433586101631128,0.5390775411564237,0.0001863485696643579
2024-03-13,0.4945619093228361,0.5059218893295369,2.3251349995751047
2024-03-14,0.7439627014982303,0.8832485143568817,0.45540824719576706
2024-03-15,0.7100764877069933,0.8114859953220949,0.31170165319454796
2024-03-18,0.6854357185498721,0.8065391861830933,0.021544370062261016
2024-03-19,0.6184993685134654,0.7419489905531327,1.1796053814821232
2024-03-20,0.7131025053805414,0.8961954844073872,0.009837680966766644
2024-03-21,0.642838482743888,0.8220342247894038,0.6215002736016554
2024-03-22,0.638238465521817,0.7568158253415302,0.1478469151058411
2024-03-26,0.5873284257218353,0.6981464244273393,0.17426512740602698
2024-03-27,0.5605689693572473,0.6819766422829554,0.2906458823078632
2024-03-28,0.5330840695424196,0.6322738991911431,0.8363207265877508
2024-04-01,0.563968287724371,0.5887449312717805,0.36394018520354526
2024-04-02,0.5432403647726429,0.5500241746590181,0.001500485769487251
2024-04-03,0.4957776046732135,0.5167790759432833,0.006905201234091657
2024-04-04,0.45587432018730056,0.4889973577151297,0.12670536424343995
2024-04-05,0.4262080354273223,0.46133918231590787,1.7848673005329203e-05
2024-04-08,0.39287419006223284,0.4376048408208976,0.45634027742674815
2024-04-09,0.402914748695108,0.4168098548794996,0.010806891194283748
2024-04-10,0.3757193733104726,0.4020178440554492,0.23936422790958842
2024-04-12,0.36636253837187277,0.3840395527298894,1.0722646968068665
2024-04-15,0.48247422816857477,0.5615145859132125,1.2153835814563867
2024-04-16,0.5993568672324702,0.7416931148840906,0.3147246022350991
2024-04-18,0.5892665316404517,0.7456453423613624,0.47457219671611856
2024-04-19,0.6009904758734426,0.7774479311820112,0.468987430448902
2024-04-22,0.5860277700047045,0.7166861589367749,0.7251552987217892
2024-04-23,0.5986154486514257,0.6635947774659475,0.019985868046235422
2024-04-24,0.5432929396818656,0.6166496670570567,0.023615924610651814
2024-04-25,0.49474833882885383,0.5744348155345872,0.5578547248813405
2024-04-26,0.5015123123070444,0.5373950499491688,0.44701634145440894
2024-04-29,0.521466155354573,0.5884385268489596,0.9835250895539708
2024-04-30,0.5677968534508102,0.5505448568525647,0.029035077809922552
2024-05-02,0.5231920343326893,0.5240863220241719,0.036705821253659385
2024-05-03,0.4782115988254173,0.4925492529961454,0.5835374066482432
2024-05-06,0.5180375658877887,0.5719919022711971,0.021786427194979464
2024-05-07,0.47831742008577555,0.5413722070916531,0.3927002057823784
2024-05-08,0.4935922339879909,0.5818800348912724,0.0
2024-05-09,0.452280855680001,0.5442900430177549,2.4304850523621773
2024-05-10,0.7066685868198551,0.9139226674565945,0.1971004392160307
2024-05-13,0.6537694446518103,0.84064629260261,0.048952388429010014
2024-05-14,0.5948863121227292,0.7749693876294492,0.2636942943451071
2024-05-15,0.5620548789380754,0.7173911362160471,0.006066910295259376
2024-05-16,0.5156812502821676,0.6686332853030517,0.8309604336963188
2024-05-17,0.5472712762340181,0.6230908232728651,0.07698889814010718
2024-05-21,0.5043577783204306,0.5821753943599685,0.07829549622541514
2024-05-22,0.46685129392971486,0.5457851445984587,0.09284018547613629
2024-05-23,0.4350563179418008,0.513399070772176,2.635469813487481
2024-05-24,0.6595761013340167,0.48657972773261976,0.0021112304582146042
2024-05-27,0.6006856840292703,0.4623207549039533,0.011541974504926262
2024-05-28,0.5510470350270811,0.44304378763060587,0.0373872223649704
2024-05-29,0.511914625291812,0.43124367227516797,0.6476079709899865
2024-05-30,0.553512799575941,0.5259341262468092,0.9141582345335184
2024-05-31,0.621290261590084,0.6542826674005472,0.03489551438192284
2024-06-03,0.5663952238588447,0.609496129248617,10.255385406426049
2024-06-04,1.583063470986935,0.5782654705183243,37.361673320935886
2024-06-05,6.412138315913639,7.838602070910762,10.937110589032896
2024-06-06,6.874020596285073,7.226594291105499,0.7830096110733269
2024-06-07,5.958953566121506,6.219790236595464,4.133833850780096
2024-06-10,5.602802415940825,5.522345403379784,0.01768426761729872
2024-06-11,4.81749596291643,4.762436631606806,0.0005900134815948292
2024-06-12,4.139620056739934,4.106562115458641,0.06221032692685143
2024-06-13,3.567261581735684,3.550065496397037,0.10570357123735477
2024-06-14,3.0815654644623485,3.0742888200555316,0.08102407769833508
2024-06-18,2.661946936057894,2.6673044430971538,0.1541139525817924
2024-06-19,2.3080884769686847,2.3161098874278503,0.03169100385201075
2024-06-20,1.9975985314646327,2.0166582243289364,0.04693236385733495
2024-06-21,1.723332456311638,1.7507619626818343,0.07841212235474092
2024-06-24,1.5013480810175874,1.5403372314114259,0.024415163195998096
2024-06-25,1.2946080241229632,1.3408467037413094,0.6027448596405147
2024-06-26,1.18317111464866,1.195078408350014,0.38424971139467656
2024-06-27,1.0572309518623078,1.0551675785250718,0.5378873912390464
2024-06-28,0.9756663547111215,0.9504430737757797,0.019906301463481015
2024-07-01,0.8529233860336103,0.8405510057317408,0.29763305093681414
2024-07-02,0.7724565917637948,0.7535234903951957,0.005624960010802347
2024-07-03,0.6775306629916337,0.6690789491482322,0.45154084655762106
2024-07-04,0.6441401820322735,0.617206643700564,0.00414992943964605
2024-07-05,0.5654196354771082,0.5502125128064194,0.007965465361854782
2024-07-08,0.5037185657524766,0.4977044614072138,0.00018395587433499966
2024-07-09,0.45064720525736535,0.4525878491713836,0.21354815784179285
2024-07-10,0.42734001197148247,0.42480311741273435,0.19899146975349222
2024-07-11,0.4297914821255231,0.4452654005801072,0.001221528499613321
2024-07-12,0.39354558679694407,0.413300808280381,0.5819253612867349
2024-07-15,0.42872729508061624,0.4122030957866839,0.11866163446169879
2024-07-16,0.40128735508458746,0.3890544677254477,0.011430690791451896
2024-07-18,0.36874059242671964,0.3654998775501339,0.5780792622177157
2024-07-19,0.4082828277913229,0.37251589385523093,1.1977874740806547
2024-07-22,0.5751298860338389,0.6198872682325718,0.007796289079449106
2024-07-23,0.5183348786063734,0.5638813031688924,0.015200811233745904
2024-07-24,0.4727879670145434,0.5191158908429555,0.07190032689688365
2024-07-25,0.4464164898797532,0.4961798668295246,0.0009191382931469393
2024-07-26,0.40902781426828977,0.4580047910942997,3.0327553419141524
2024-07-29,0.7687833640065376,0.5667768901779314,2.5332327763019173e-05
2024-07-30,0.6752284528344702,0.5157572246693969,0.007280854409603637
2024-07-31,0.5977036072462455,0.4729424958250731,0.14201031258265182
2024-08-01,0.5453520236442291,0.4421948181539715,0.05720786125347517
2024-08-02,0.4932169103669204,0.41297223498260116,1.3905576582828905
2024-08-05,0.6725848869871621,0.6927600769256368,7.372176986543247
2024-08-06,1.7359085372248622,2.220865170455366,0.06887493137749297
2024-08-07,1.4804736062016215,1.8910035769330429,1.595185757842573
2024-08-08,1.463264539714205,1.687128816713755,0.555990698545992
2024-08-09,1.3475542720805762,1.5766127351021617,1.067769073400853
2024-08-12,1.2816685101682412,1.4008890129096891,0.007083554929451864
2024-08-13,1.1033368656538594,1.2124567749772337,0.7361380650156771
2024-08-14,1.0787485320185841,1.2223475623934366,0.0003871356961505325
2024-08-16,0.9320135721568839,1.060037434532752,2.6653073132361693
2024-08-19,1.1523454772431476,1.0494875264253767,0.016454099887660313
2024-08-20,0.9928804729155479,0.9167263372669991,0.26241197842435204
2024-08-21,0.8871521845334164,0.8166663504858739,0.0832102205643878
2024-08-22,0.7784425679512749,0.72472721754427,0.02775453229027494
2024-08-23,0.6836597899522218,0.6465141409580104,0.0022037942567610723
2024-08-26,0.6043147922212755,0.5805401789986729,0.5659580205672403
2024-08-27,0.6024358573495464,0.550757301254465,0.0008171225217209446
2024-08-28,0.5370132596904191,0.5009378838029904,0.019100538444980632
2024-08-29,0.4829831340901967,0.4598981101944674,0.1574325715040424
2024-08-30,0.4523764191979988,0.4319698951262875,0.11103570944593301
2024-09-02,0.4217962204954328,0.4066832553604998,0.028713763872314804
2024-09-03,0.388141819751027,0.3820573255418326,2.070911115323943e-05
2024-09-04,0.36035246680705,0.36161369515762676,0.103378028740826
2024-09-05,0.3622063171682845,0.3755242935038051,0.045341053020884675
2024-09-06,0.35163863332970885,0.3715615056566973,1.3732904020897403
2024-09-09,0.5682720710369675,0.6787236981257077,0.1145359095436266
2024-09-10,0.5182137966146764,0.6098976665174598,0.17554929448855477
2024-09-11,0.4840960782936373,0.5566566313081565,0.24108078243786124
2024-09-12,0.4879692873665645,0.5684964714461836,3.498255666218791
2024-09-13,0.9238921634387085,0.6922356003177688,0.016306743301865517
2024-09-16,0.8036317857591565,0.6233566019209866,0.011536866912149061
2024-09-17,0.7005183082099836,0.5607570679820923,0.018770305949353423
2024-09-18,0.6174357722181106,0.5099643209486702,0.026059562942641255
2024-09-19,0.5581899743364299,0.4779910920812376,0.022683459674316835
2024-09-20,0.5014310833050808,0.44209382149670573,2.146976988823968
2024-09-23,0.7369130440145797,0.5163134171238831,0.3278662312206105
2024-09-24,0.681604923444348,0.4868374067088136,2.706982313046288e-05
2024-09-25,0.6031105584135655,0.44967761025810304,0.06024774771133825
2024-09-26,0.5418496586446618,0.4205519160903465,0.6586446859827036
2024-09-27,0.5651329831194506,0.4244009479649965,0.020056947928036608
2024-09-30,0.5144191346323794,0.40620218983141,2.0052519387107077
2024-10-01,0.7957768808622612,0.8478344972997721,0.002922334546379115
2024-10-03,0.6984812013181906,0.7461282482117173,4.58998238367616
2024-10-04,1.3470942935188233,1.7109818549442033,0.878055552569444
2024-10-07,1.2958197260453201,1.6570561363458978,0.7721789389255086
2024-10-08,1.237409904606389,1.5893792653415961,0.762030297968588
2024-10-09,1.1472866917121636,1.384281714837043,0.015579267696653484
2024-10-10,0.9903419196008543,1.1914088275556949,0.004359417702442459
2024-10-11,0.8563617641407169,1.0270292640585488,0.01874134309426726
2024-10-14,0.7536916529568136,0.9001231080187346,0.4271851023142017
2024-10-15,0.7092871663543274,0.8067599908386921,0.07916115671636131
2024-10-16,0.6449300134652471,0.7349679642732126,0.11833499419410344
2024-10-17,0.5993676277728892,0.686380369453839,0.793486173943223
2024-10-18,0.6730659225175923,0.8033316455709831,0.1765122381980425
2024-10-21,0.6126616544903273,0.7154271540982756,0.08640651275993637
2024-10-22,0.5669827483160711,0.6620452010550419,1.574415859176931
2024-10-23,0.766646178686347,0.9572311269459297,0.022400636446539907
2024-10-24,0.6808957552704746,0.8432751943356686,0.02185770408996583
2024-10-25,0.61065349484806,0.7498244322011738,0.8099272276496521
2024-10-28,0.6824989469319904,0.8564600954592518,0.42604586793538696
2024-10-29,0.6519625144755843,0.7726932312112803,0.27383693353564076
2024-10-30,0.6071904638821237,0.6951775298726696,0.2665792488427018
2024-10-31,0.5934345708710687,0.6883955961550589,0.3116236210982053
2024-11-01,0.5894438824984307,0.6930541375087345,0.16659977969304776
2024-11-04,0.5435102614690765,0.6249129548617445,1.6371932596889507
2024-11-05,0.7527922873457025,0.9344388173955273,0.8175877563165811
2024-11-06,0.7585243527164637,0.8543348027319255,1.236503036020318
2024-11-07,0.8160793945552002,0.81040270047001,1.368001561588409
2024-11-08,0.9379181993425663,1.0267138127279094,0.04477228951206992
2024-11-11,0.8265989077048596,0.9084191286285797,0.0008163117500458026
2024-11-12,0.7252914008627557,0.797813896741048,1.1531283439866507
2024-11-13,0.8277467838832313,0.968872309917444,1.8702338074142222
2024-11-14,1.020029893400996,1.265911338115871,0.012525156629745113
2024-11-18,0.888554851446396,1.09450164981065,0.11278502004899799
2024-11-19,0.7989546114055963,0.980278732564941,0.07588832153300366
2024-11-21,0.7067054236404553,0.8581324299277262,0.5176266208367634
2024-11-22,0.7151085767147325,0.8785635645294171,5.564429042532164
2024-11-25,1.3622516453686808,1.0503685407493615,1.7096709253507576
2024-11-26,1.3758420577919444,0.9960479683200882,0.012811164178814841
2024-11-27,1.1802076747526928,0.8743803826525747,0.11006311784087276
2024-11-28,1.0242018206630896,0.7719630314303586,2.2417756815365033
2024-11-29,1.236619632201121,1.1831349499483426,0.8156074063501149
2024-12-02,1.1556780411747103,1.0600928252188944,0.35866336103079577
2024-12-03,1.034578295882642,0.9384380540559732,0.5523942338324583
2024-12-04,0.9574283737822414,0.8477493830496371,0.0017724788617218081
2024-12-05,0.8364183523955074,0.7497673248621354,0.9603317426686071
2024-12-06,0.8440507656508793,0.711322563173678,0.015356089161470523
2024-12-09,0.7473373900911265,0.6436248168412775,0.056910070604078905
2024-12-10,0.6742143695014249,0.5973013970621381,0.0013218656732614065
2024-12-11,0.6010206743789882,0.5429310750929163,0.01662273368680003
2024-12-12,0.5385509235800788,0.49638777731465844,0.143288881916425
2024-12-13,0.5163058568997465,0.4960959391714949,0.7931280024852599
2024-12-16,0.5603574732913666,0.4949177620695167,0.16383467399214374
2024-12-17,0.538763611570512,0.5004724034986848,1.8388054680681232
2024-12-18,0.7769804768685555,0.8691182753993238,0.31941037932420036
2024-12-19,0.7418644274254509,0.8428419883623826,1.0538716907038876
2024-12-20,0.8253708866198834,0.9819852942769954,2.3477469256738033
2024-12-23,1.0876198306853953,1.377315832504948,0.49151870554292426
2024-12-24,0.9945737143168272,1.2057992319677355,0.01180914618795387
2024-12-26,0.8678486655997258,1.0461647707993562,0.009022480005464772
2024-12-27,0.7595312268142097,0.9110569685423937,0.07062546747834313
2024-12-30,0.6747361976341864,0.8019787935984353,0.5042420765267098
2024-12-31,0.6863573479182722,0.8283336596318471,1.7747095332803265e-07
2025-01-01,0.6103161714839329,0.7320121974761951,0.17142119013956067
2025-01-02,0.5622569525882773,0.6590758599121721,3.4595911306551703
2025-01-03,0.9445825774010153,0.7633535800659695,0.5824442614029512
2025-01-06,0.9212150507582224,0.8132661976678759,2.665098279167141
2025-01-07,1.211729176867284,1.2940349760555678,0.15067934167808925
2025-01-08,1.0549334432340114,1.120523811537131,0.00639489218457531
2025-01-09,0.917425347740475,0.9769056035910526,0.47351137985705793
2025-01-10,0.8820168368285574,0.9658957275400921,0.16371527575173062
2025-01-13,0.8065886004011773,0.8911232748042848,2.2073334381780314
2025-01-14,1.0421079350015447,1.2516907576025096,0.1517319103722619
2025-01-15,0.919137478683758,1.0900914946134204,0.025651134509829355
2025-01-16,0.8055693971651714,0.9530425672919007,0.1796619554834501
2025-01-17,0.7267325102385966,0.8458460384529257,0.218045770217863
2025-01-20,0.6848680558538984,0.8019572630523173,0.36990151188505865
2025-01-21,0.6476751293681255,0.7280953453555723,1.9062555337570932
2025-01-22,0.8667928593638115,1.0541095419997792,0.32040584976303055
2025-01-23,0.7936723452209744,0.9354251915306754,0.04652649982381911
2025-01-24,0.7040063299790603,0.8285544230864954,0.23892293389940325
2025-01-27,0.6701123382934319,0.7934403496985897,1.3125412099224638
2025-01-28,0.8005355946428832,0.9876360638563717,0.31310129577470913
2025-01-29,0.7375241576330162,0.8802164440044431,0.7968575137669813
2025-01-30,0.743971613335473,0.8141526107148919,0.13861831583537557
2025-01-31,0.6709686676734817,0.7284195339418806,1.2263777895907668
2025-02-01,0.7420538452516607,0.709259169829019,0.012482386512827317
2025-02-03,0.6626986772208536,0.641705019358704,0.2673340503553325
2025-02-04,0.6404258201123201,0.644201499451925,2.5791259614862962
2025-02-05,0.8899345885592895,0.7040024693044473,0.03279161982273547
2025-02-06,0.7892158460600114,0.6427598300027291,0.15447385577246164
2025-02-07,0.7272990209927985,0.6203594822880882,0.03387186931120581
2025-02-10,0.6550165333271551,0.5736884417244638,0.5774224509908966
2025-02-11,0.6808563987543023,0.654053722795742,1.7790878353808977
2025-02-12,0.8775522736089061,0.9704987694151656,0.013258416089736217
2025-02-13,0.7754570598215991,0.8567251478100811,0.00361387616322404
2025-02-14,0.6877196765105885,0.7610837617371671,0.1975919073290956
2025-02-17,0.6493286939805367,0.7274941150384509,0.01738194692900665
2025-02-18,0.5811643774071511,0.6520737361642346,0.0038271255080231993
2025-02-19,0.5263708141598357,0.5912185317268095,0.0029222541351833983
2025-02-20,0.48041352893815215,0.5401521518834201,0.007423186685674728
2025-02-21,0.44376773375173634,0.4994090342802408,0.2631983691931632
2025-02-24,0.4564762296217249,0.5234734159347916,1.1442829095651894
2025-02-25,0.5999110441539943,0.7285046575604696,0.0006612566384169974
2025-02-27,0.5417340494363051,0.6538629763264773,0.00012295025259888358
2025-02-28,0.49156518847820774,0.5903858959125842,3.542288417742881
2025-03-03,0.972773563761036,1.2735864628894715,0.0005955077033439563
2025-03-04,0.8472226414055712,1.0994207137855543,0.02750011594841306
2025-03-05,0.7521054313546376,0.9685293075512185,1.314625483347125
2025-03-06,0.8223558994899849,0.9145114026170564,0.8541472192900151
2025-03-07,0.8226296194710172,0.846807785103414,0.001196842651953215
2025-03-10,0.7249452529514527,0.7514386823179433,0.16781996083395584
2025-03-11,0.6755156834237417,0.7123989978190106,0.02797750662866468
2025-03-12,0.6048210277748041,0.64101036175336,0.014851103642811605
2025-03-13,0.549611113745533,0.5855122515058941,0.10676044401140648
2025-03-17,0.5201123364587298,0.5610998625221373,0.24683074190392892
2025-03-18,0.4981482286006986,0.523823902061145,2.0620107549413516
2025-03-19,0.7054914558494649,0.581660969399084,0.10271323077115309
2025-03-20,0.6356091753130719,0.5345392009447253,1.5081021024283114
2025-03-21,0.7477726056767247,0.5623975067682528,0.4712732261814112
2025-03-24,0.7133335083288097,0.5365176682715888,1.7166162665922151
2025-03-25,0.8396684294154588,0.577032399119791,0.0018948829240368788
2025-03-26,0.739076340523801,0.5257255022901859,0.5945536873889435
2025-03-27,0.7541111878212949,0.6169755221025114,0.1993484625831836
2025-03-28,0.6865397778685962,0.5682006583976554,0.0949902633222582
2025-04-01,0.6326280160359979,0.5449175357517997,2.2954574967372228
2025-04-02,0.909854798288019,0.9779966585859786,0.5138151719234204
2025-04-03,0.8524407355288831,0.8821253716043242,0.12470620662160782
2025-04-04,0.7750679366767638,0.8115305224026309,2.24347541134078
2025-04-07,1.0190868372614352,1.1882860406345481,10.87029927496308
2025-04-08,2.5043496000269982,3.3700976466316646,2.80439012119244
2025-04-09,2.4702825970636,2.962654697547003,0.3701904781601369
2025-04-11,2.133223513852776,2.5640140928237036,3.6058024769426527
2025-04-15,2.2760078654337397,2.3466840886357114,4.69414950622205
2025-04-16,2.5423946460836846,2.2275689268002608,0.21590003697390342
2025-04-17,2.1513125973125975,1.889367656090504,3.0726385649678662
2025-04-21,2.214543048887742,1.7640535326906903,1.3037217561441463
2025-04-22,2.0255253152347152,1.5659141568827402,0.029822995100020257
2025-04-23,1.7096381016748565,1.3372059896057706,0.44469643435374795
2025-04-24,1.4968465853662989,1.168141630877329,0.11468204304268642
2025-04-25,1.2951810129846013,1.0381948446834623,0.7376127837283268
2025-04-28,1.231786458454348,1.0743040618962485,1.4295664474022947
2025-04-29,1.2367843593777872,1.005902058402657,0.000937255135520774
2025-04-30,1.0573102354740427,0.8748389933603671,5.171431155193595e-05
2025-05-02,0.9113945147815337,0.7684862275805568,0.002637320234151212
2025-05-05,0.7891040465122114,0.6796907984871412,0.21994937051606894
2025-05-06,0.7114608356100639,0.6166387320591167,0.11151990777885586
2025-05-07,0.6495512318838376,0.5855287097550873,0.020347229431665417
2025-05-08,0.5751221597453181,0.5299826861590533,0.3335670737253365
2025-05-09,0.5793990035739692,0.5692605439051183,1.2123118575373395
2025-05-12,0.725274822955494,0.8001386426884423,14.04161290019313
2025-05-13,2.561568075078707,1.4561182612578452,1.9581216718464591
2025-05-14,2.458063695963155,1.7115781261312208,0.1293352862801963
2025-05-15,2.0675236073796257,1.4378757145381047,2.5263352384667987
2025-05-16,2.068188839760015,1.356264544074595,0.028533514588780187
2025-05-19,1.754765784346256,1.1619391172057854,0.08857368274788528
2025-05-20,1.5103473056792727,1.023118187470438,1.1109548825721471
2025-05-21,1.4680105873277478,1.1552961658842134,0.27400914824804484
2025-05-22,1.2808582693887898,1.0060973590018412,0.6798284427067756
2025-05-23,1.2143188630863078,1.041498223872214,0.969019414312436
2025-05-26,1.1592504940459023,0.9481453008037029,0.3525175268768415
2025-05-27,1.036033618177265,0.8412861775307736,0.49313031155013237
2025-05-28,0.983657886317658,0.8641460033313979,0.08851060609642948
2025-05-29,0.8762190307617039,0.7849269782172965,0.10713293148540869
2025-05-30,0.7761808979709194,0.6988490874834763,0.11181127556661451
2025-06-02,0.708774327801961,0.6565284926237577,0.01900739256265684
2025-06-03,0.6335068277338224,0.5966224418885983,0.49967343736496
2025-06-04,0.6546085648454794,0.665330177431722,0.09991313361020832
2025-06-05,0.5907920640622615,0.5999155515813488,0.2803337478913003
2025-06-06,0.5609057066264048,0.5554433345193501,1.0273810882173238
2025-06-09,0.6314979463657339,0.5560901717088563,0.15979592566514003
2025-06-10,0.57987816566733,0.5151824851291437,1.7520573003151165e-05
2025-06-11,0.5229158245461211,0.4726424431726256,0.021867038742203918
2025-06-12,0.4752324977660264,0.4380553361610793,1.0245774087589705
2025-06-13,0.6082916780784565,0.6644008448794201,0.4675528039392269
2025-06-16,0.6285392986562366,0.7170782646680108,0.8422744084411896
2025-06-17,0.6611456251517036,0.6751066032800174,0.13979761833518642
2025-06-18,0.6190596930203157,0.6428641952002475,0.02772644851346653
2025-06-19,0.5637948777690989,0.5859585220948871,0.0057458680833974065
2025-06-20,0.5134706809543318,0.5335872621740987,1.635924111234309
2025-06-23,0.6719349917464902,0.5721204790221744,0.31478330308825786
2025-06-24,0.6559297536193947,0.6021669904340035,0.08392778430915503
2025-06-25,0.5921168048863213,0.5464271515498733,0.6352051296776865
2025-06-26,0.6058141740033882,0.5294524109846247,1.4351952857016927
2025-06-27,0.7202208397147183,0.5577277440171357,0.12038668692631219
2025-06-30,0.648505094913111,0.5118688068430893,0.22287544627845426
2025-07-01,0.6223878066084894,0.5312147559112086,0.009398712854334707
2025-07-02,0.5584736208628414,0.4860765584594222,0.12020170024756378
2025-07-03,0.5313580057948272,0.48459553472378497,0.03577773303627258
2025-07-04,0.4932776005976534,0.46090782182709755,0.04796210504289634
2025-07-07,0.45447973718639517,0.4304123151806973,1.3955502389922933e-06
2025-07-08,0.42017849510917077,0.4044017332101052,0.05763519246767973
2025-07-09,0.3945147084295305,0.38472819561668414,0.033112121183481114
2025-07-10,0.3788695636173412,0.3785444153842933,0.22609390163156706
2025-07-11,0.40058507260190257,0.42465844404113673,0.6616020565924791
2025-07-14,0.48954605052366773,0.5710787129864955,0.07233235621169065
2025-07-15,0.46418470575148785,0.5391004905886728,0.2038428337115029
2025-07-16,0.44639165287277927,0.4997822560494743,0.004156907652638052
2025-07-17,0.4118828408846224,0.45851968085350325,0.15985599319828986
2025-07-18,0.41660531700083947,0.4724832168223977,0.32636601624454814
2025-07-21,0.4467785720118973,0.5247791511807479,0.23874827527935125
2025-07-22,0.43599776954445624,0.48928363014725235,0.01412176190134936
2025-07-23,0.4071729580579331,0.4560359367118771,0.39999334322427516
2025-07-24,0.42210524431104635,0.44242170730142616,0.39396356026152024
2025-07-25,0.46069016537057705,0.5153056311339529,0.8140103888558164
2025-07-28,0.5577121260510566,0.6746551377949084,0.3975045071970759
2025-07-29,0.5725304297405163,0.7026171819216018,0.3208544073092881
2025-07-30,0.549577637350195,0.6377617646002299,0.018684169502351435
2025-07-31,0.4969043743790636,0.5708529605169146,0.12210621495905484
2025-08-01,0.47761539194673885,0.5506837840391685,0.6772821131751018
2025-08-04,0.5524731465337858,0.6722322128347089,0.40793447421109064
2025-08-05,0.5430579517866861,0.6174671901236849,0.0879238683538243
2025-08-06,0.5098994220640258,0.5806005544830767,0.09373370889634176
2025-08-07,0.48325058848523106,0.5516395917564851,0.007972029132584968
2025-08-08,0.44098203122450813,0.500840993243269,0.9047831127964322
2025-08-11,0.554039629594228,0.681918444109205,0.8209506467046495
2025-08-12,0.5973284232718081,0.647371338786917,0.1583921319800078
2025-08-13,0.5666508668672142,0.6224394084218885,0.2887974426433944
2025-08-14,0.5402491210312981,0.5716852128154968,0.0023553586841184066
2025-08-18,0.48902253575280213,0.517392500016417,0.9847817255388588
2025-08-19,0.564234753129153,0.52225090931099,0.17304770383305276
2025-08-20,0.5233809551246459,0.48416473389145187,0.0780796580085933
2025-08-21,0.47960201422145843,0.4486514557834821,0.017540659643267075
2025-08-22,0.4381244019187676,0.41707277474462034,0.7317028487436427
2025-08-25,0.5253089065309993,0.5748618625152079,0.1535643770120119
2025-08-26,0.48953848041332604,0.5256603943290427,1.0596605646191521
2025-08-28,0.6171004529203641,0.7402964308684115,0.7363601559372068
2025-08-29,0.6734116648378037,0.83761519804189,0.09162404367161373
2025-09-01,0.6184982892246645,0.7593286155827442,0.6530786389665127
2025-09-02,0.6271564215571774,0.7004040603463825,0.034130143002868006
2025-09-03,0.5700804916246867,0.6334908365380434,0.3020147328556672
2025-09-04,0.543828526177053,0.5806447886865214,0.006061781820398128
2025-09-05,0.4915359895997838,0.5240796354596002,0.0007333839959662714
2025-09-08,0.4484813372808535,0.47793277130110895,0.016864518977444398
2025-09-09,0.41234817284855724,0.4402778562100559,0.14788075242819831
2025-09-10,0.3949275293023863,0.41503506625845465,0.17583614951956378
2025-09-11,0.38328730988233667,0.3964131662026276,0.01681095707086047
2025-09-12,0.35733736536040517,0.37357150521841886,0.18745946147249024
2025-09-15,0.3527038534749206,0.3628669036292629,0.03187973538956024
2025-09-16,0.34043059075168614,0.3573250509539798,0.45621838671211484
2025-09-17,0.37061101085343595,0.3638616762933164,0.12995807334666912
2025-09-18,0.35716848223522396,0.3518124421001265,0.1353156424336797
2025-09-19,0.345731465898121,0.3419572021418721,0.14476775123545985
2025-09-22,0.35641964652583097,0.37073771130398014,0.24362089528491626
2025-09-23,0.3790758864903216,0.4180478316717269,0.017011583356483798
2025-09-24,0.35731572435156944,0.3963300174459171,0.2010347366943667
2025-09-25,0.3719159086676222,0.42725551388598637,0.44209253248184505
2025-09-26,0.42045396360435083,0.5098988173180916,0.9087294824789929
2025-09-29,0.5445382008769224,0.7089166411181214,0.006453992085404206
2025-09-30,0.4864057475826029,0.6190511962539922,0.009343305796457192
2025-10-01,0.44229429042752205,0.5523794994184196,0.8296986062362651
2025-10-03,0.49805185361698634,0.5397074045350524,0.054313653425680494
2025-10-06,0.4545662776888443,0.4898583356466738,0.5387814969387736
2025-10-07,0.4732263154034908,0.4745021654319426,0.01491996510529387
2025-10-08,0.4326943094549316,0.43676280324358385,0.06142274146984546
2025-10-09,0.41231787342706194,0.4240779099177263,0.29175161833627333
2025-10-10,0.41036325294593645,0.40876994262391575,0.16839687214433566
2025-10-13,0.393963774727059,0.3898958798936748,0.05273697410495665
2025-10-14,0.37907486561335096,0.38343697523202513,0.10560900197074123
2025-10-15,0.37522076719359,0.39115643690665414,0.4978529545866912
2025-10-16,0.3932316519821031,0.38996485742219833,1.0574368137197196
2025-10-17,0.4783084464137755,0.42278648506085664,0.23582420261463946
2025-10-20,0.4578994687337277,0.40496308001648024,0.26743573059005477
2025-10-21,0.44354915105239545,0.3915260021394503,0.00968791903432028
2025-10-23,0.4075969777744755,0.36783041799220173,0.007761952276237626
2025-10-24,0.3762364975387971,0.34785090619640596,0.13870987147342198
2025-10-27,0.37471705737568456,0.3669123712840674,0.4360542927760241
2025-10-28,0.39118680107865744,0.3688584659841777,0.013231889113024663
2025-10-29,0.36665615097632653,0.35381779507995353,0.20501316481559156
2025-10-30,0.35865717974047756,0.34555992252069456,0.4596987433800893
2025-10-31,0.40606878178114764,0.4349169906726442,0.3644350938689151
2025-11-03,0.43282643901866286,0.48770668471316847,0.025676691914831108
2025-11-04,0.39946488958839416,0.4487324798585567,0.41632930799969775
2025-11-06,0.4340730021655774,0.5100046972749877,0.11846154458600652
2025-11-07,0.42009979825306076,0.4955402586731035,0.004654854451401865
2025-11-10,0.3892664374813819,0.4558926380803062,0.10325967636208694
2025-11-11,0.36760445782632223,0.4244377685905912,0.22132916199096395
2025-11-12,0.362350894307545,0.40495308715045475,0.49192759770450684
2025-11-13,0.3864193893280519,0.4030308499076351,0.00016755003117265916
2025-11-14,0.359032449560139,0.3778315159209208,0.0142399875312988
2025-11-17,0.3336241238592537,0.3549625669353323,0.1586211788006328
2025-11-18,0.3246211062042808,0.34251525738234023,0.1586211788006333
2025-11-19,0.3318282146571001,0.364265673142384,0.301241919147657
2025-11-20,0.33715690211230526,0.35578389679461286,0.2851834481900203
2025-11-21,0.3421377192693956,0.35102798354836323,0.2251962642372711
2025-11-24,0.35690619178499494,0.3855032939548493,0.17444374899386217
2025-11-25,0.36173999737170587,0.4031676427996185,0.08304063637657043
2025-11-26,0.3518188360749154,0.39728419011335897,1.5143163503554535
2025-11-27,0.4977447692236704,0.45877577013338056,0.0015293243021286664
2025-11-28,0.4523765533673739,0.4221249178332151,0.0023117433945811085
2025-12-01,0.4155075641279383,0.39353292996020217,0.010786076876912269
2025-12-02,0.3866454185073679,0.3724625647725208,0.3024127051395449
2025-12-03,0.40573605240250055,0.42053453676769725,0.03155141605486435
2025-12-04,0.38235064977662114,0.40117662614439226,0.03370314786174404
2025-12-05,0.3551857321806251,0.375159718480413,0.34202594267809533
2025-12-08,0.3631565761067742,0.3699460553534426,0.7506426237026911
2025-12-09,0.4470977780057138,0.5127475475332184,0.21789842136653156
2025-12-10,0.4446021932359558,0.5182236268908793,0.10016532369574181
2025-12-11,0.4249889592159428,0.4966528732462965,0.2961268961795544
2025-12-12,0.41844623182920904,0.4687477126935553,0.3264563712991118
2025-12-15,0.4159570992209231,0.44709424873732856,0.005694689174681099
2025-12-16,0.3845665045674401,0.41420488535377653,0.4153534349365308
2025-12-17,0.4189456631804136,0.4778353250126308,0.02585564701024916
2025-12-18,0.3912400376989482,0.4460477581138431,0.0001350296843434502
2025-12-19,0.36167889900988764,0.4117963451439314,0.3394642205927332
2025-12-22,0.369113359991252,0.400955974681349,0.6244201019361985
2025-12-23,0.4072477522739581,0.40816393326714756,0.0003293224171573793
2025-12-24,0.37488857194702613,0.37982007280939967,0.01795281297933446
2025-12-26,0.35201656403124826,0.36237196304494235,0.14629535535602844
2025-12-29,0.3526152088635581,0.3776676869806891,0.1486142966679206
2025-12-30,0.3534098916937163,0.39097056864876367,0.00015696791430450975
2025-12-31,0.3283737423382863,0.3650825002024159,0.5368385371025217
